<?xml version="1.0" encoding="UTF-8"?>
<!DOCTYPE book PUBLIC "-//OASIS//DTD DocBook MathML Module V1.1b1//EN"
              "http://www.oasis-open.org/docbook/xml/mathml/1.1CR1/dbmathml.dtd">
<refentry id="glBindBuffersRange">
    <refentryinfo>
        <copyright>
            <year>2013</year>
            <holder>Khronos Group</holder>
        </copyright>
    </refentryinfo>
    <refmeta>
        <refentrytitle>glBindBuffersRange</refentrytitle>
        <manvolnum>3G</manvolnum>
    </refmeta>
    <refnamediv>
        <refname>glBindBuffersRange</refname>
        <refpurpose>bind ranges of one or more buffer objects to a sequence of indexed buffer targets</refpurpose>
    </refnamediv>
    <refsynopsisdiv><title>C Specification</title>
        <funcsynopsis>
            <funcprototype>
                <funcdef>void <function>glBindBuffersRange</function></funcdef>
                <paramdef>GLenum <parameter>target</parameter></paramdef>
                <paramdef>GLuint <parameter>first</parameter></paramdef>
                <paramdef>GLsizei <parameter>count</parameter></paramdef>
                <paramdef>const GLuint *<parameter>buffers</parameter></paramdef>
                <paramdef>const GLintptr *<parameter>offsets</parameter></paramdef>
                <paramdef>const GLintptr *<parameter>sizes</parameter></paramdef>
            </funcprototype>
        </funcsynopsis>
    </refsynopsisdiv>
    <refsect1 id="parameters"><title>Parameters</title>
        <variablelist>
        <varlistentry>
            <term><parameter>target</parameter></term>
            <listitem>
                <para>
                    Specify the target of the bind operation. <parameter>target</parameter> must be
                    one of <constant>GL_ATOMIC_COUNTER_BUFFER</constant>,
                    <constant>GL_TRANSFORM_FEEDBACK_BUFFER</constant>, <constant>GL_UNIFORM_BUFFER</constant> or
                    <constant>GL_SHADER_STORAGE_BUFFER</constant>.
                </para>
            </listitem>
        </varlistentry>
        <varlistentry>
            <term><parameter>index</parameter></term>
            <listitem>
                <para>
                    Specify the index of the first binding point within the array specified by <parameter>target</parameter>.
                </para>
            </listitem>
        </varlistentry>
        <varlistentry>
            <term><parameter>count</parameter></term>
            <listitem>
                <para>
                    Specify the number of contiguous binding points to which to bind buffers.
                </para>
            </listitem>
        </varlistentry>
        <varlistentry>
            <term><parameter>buffers</parameter></term>
            <listitem>
                <para>
                    A pointer to an array of names of buffer objects to bind to the targets on the specified binding point, or <constant>NULL</constant>.
                </para>
            </listitem>
        </varlistentry>
        </variablelist>
    </refsect1>
    <refsect1 id="description"><title>Description</title>
        <para>
            <function>glBindBuffersRange</function> binds a set of <parameter>count</parameter> ranges from buffer objects whose names
            are given in the array <parameter>buffers</parameter> to the <parameter>count</parameter> consecutive binding
            points starting from index <parameter>index</parameter> of the array of targets specified
            by <parameter>target</parameter>. <parameter>offsets</parameter> specifies the address of an array containing
            <parameter>count</parameter> starting offsets within the buffers, and <parameter>sizes</parameter> specifies the
            adderess of an array of <parameter>count</parameter> sizes of the ranges. If <parameter>buffers</parameter> is <constant>NULL</constant> then
            <parameter>offsets</parameter> and <parameter>sizes</parameter> are ignored and <function>glBindBuffersRange</function> unbinds any
            buffers that are currently bound to the referenced binding points. Assuming no errors are generated, it is equivalent to the following
            pseudo-code, which calls <citerefentry><refentrytitle>glBindBufferRange</refentrytitle></citerefentry>:
        </para>
<programlisting><![CDATA[    for (i = 0; i < count; i++)
    {
        if (buffers != NULL)
        {
            glBindBufferRange(target, first + i, buffers[i], offsets[i], sizes[i]);
        }
        else
        {
            glBindBufferBase(target, first + i, 0);
        }
    }]]></programlisting>
    </refsect1>
    <refsect1 id="notes"><title>Notes</title>
        <para>
            <function>glBindBuffersBase</function> is available only if the GL version is 4.4 or higher.
        </para>
    </refsect1>
    <refsect1 id="errors"><title>Errors</title>
        <para>
            <constant>GL_INVALID_ENUM</constant> is generated if <parameter>target</parameter> is not
            <constant>GL_ATOMIC_COUNTER_BUFFER</constant>,
            <constant>GL_TRANSFORM_FEEDBACK_BUFFER</constant>, <constant>GL_UNIFORM_BUFFER</constant> or
            <constant>GL_SHADER_STORAGE_BUFFER</constant>.
        </para>
        <para>
            <constant>GL_INVALID_OPERATION</constant> is generated if <parameter>first</parameter> + <parameter>count</parameter> is greater
            than the number of target-specific indexed binding points.
        </para>
        <para>
            <constant>GL_INVALID_OPERATION</constant> is generated if any value in <parameter>buffers</parameter> is not
            zero or the name of an existing buffer object.
        </para>
        <para>
            <constant>GL_INVALID_VALUE</constant> is generated by if any value in <parameter>offsets</parameter> is less than zero or
            if any value in <parameter>sizes</parameter> is less than zero.
        </para>
        <para>
            <constant>GL_INVALID_VALUE</constant> is generated if any pair of values in <parameter>offsets</parameter>
            and <parameter>sizes</parameter> does not respectively satisfy the constraints described for those
            parameters for the specified target.
        </para>
    </refsect1>
    <refsect1 id="seealso"><title>See Also</title>
        <para>
            <citerefentry><refentrytitle>glGenBuffers</refentrytitle></citerefentry>,
            <citerefentry><refentrytitle>glDeleteBuffers</refentrytitle></citerefentry>,
            <citerefentry><refentrytitle>glBindBuffer</refentrytitle></citerefentry>,
            <citerefentry><refentrytitle>glBindBufferBase</refentrytitle></citerefentry>,
            <citerefentry><refentrytitle>glBindBufferRange</refentrytitle></citerefentry>,
            <citerefentry><refentrytitle>glBindBuffersRange</refentrytitle></citerefentry>,
            <citerefentry><refentrytitle>glMapBuffer</refentrytitle></citerefentry>,
            <citerefentry><refentrytitle>glUnmapBuffer</refentrytitle></citerefentry>
        </para>
    </refsect1>    <refsect1 id="Copyright"><title>Copyright</title>
        <para>
            Copyright <trademark class="copyright"></trademark> 2013 Khronos Group.
            This material may be distributed subject to the terms and conditions set forth in
            the Open Publication License, v 1.0, 8 June 1999.
            <ulink url="http://opencontent.org/openpub/">http://opencontent.org/openpub/</ulink>.
        </para>
    </refsect1>
</refentry>
