<?xml version="1.0" encoding="UTF-8"?>
<!DOCTYPE book PUBLIC "-//OASIS//DTD DocBook MathML Module V1.1b1//EN"
              "http://www.oasis-open.org/docbook/xml/mathml/1.1CR1/dbmathml.dtd">
<refentry id="glDeleteRenderbuffers">
    <refentryinfo>
        <copyright>
            <year>2010-2013</year>
            <holder>Khronos Group</holder>
        </copyright>
    </refentryinfo>
    <refmeta>
        <refentrytitle>glDeleteRenderbuffers</refentrytitle>
        <manvolnum>3G</manvolnum>
    </refmeta>
    <refnamediv>
        <refname>glDeleteRenderbuffers</refname>
        <refpurpose>delete renderbuffer objects</refpurpose>
    </refnamediv>
    <refsynopsisdiv><title>C Specification</title>
        <funcsynopsis>
            <funcprototype>
                <funcdef>void <function>glDeleteRenderbuffers</function></funcdef>
                <paramdef>GLsizei <parameter>n</parameter></paramdef>
                <paramdef>GLuint *<parameter>renderbuffers</parameter></paramdef>
            </funcprototype>
        </funcsynopsis>
    </refsynopsisdiv>
    <refsect1 id="parameters"><title>Parameters</title>
        <variablelist>
        <varlistentry>
            <term><parameter>n</parameter></term>
            <listitem>
                <para>
                    Specifies the number of renderbuffer objects to be deleted.
                </para>
            </listitem>
        </varlistentry>
        <varlistentry>
            <term><parameter>renderbuffers</parameter></term>
            <listitem>
                <para>
                    A pointer to an array containing <parameter>n</parameter> renderbuffer objects to be deleted.
                </para>
            </listitem>
        </varlistentry>
        </variablelist>
    </refsect1>
    <refsect1 id="description"><title>Description</title>
        <para>
            <function>glDeleteRenderbuffers</function> deletes the <parameter>n</parameter> renderbuffer objects whose names are stored in
            the array addressed by <parameter>renderbuffers</parameter>. The name zero is reserved by the GL and is silently ignored, should it
            occur in <parameter>renderbuffers</parameter>, as are other unused names. Once a renderbuffer object is deleted, its name is again
            unused and it has no contents. If a renderbuffer that is currently bound to the target <constant>GL_RENDERBUFFER</constant>
            is deleted, it is as though <citerefentry><refentrytitle>glBindRenderbuffer</refentrytitle></citerefentry>
            had been executed with a <parameter>target</parameter> of <constant>GL_RENDERBUFFER</constant> and a <parameter>name</parameter> of zero.
        </para>
        <para>
            If a renderbuffer object is attached to one or more attachment points in the currently bound framebuffer, then it as if
            <citerefentry><refentrytitle>glFramebufferRenderbuffer</refentrytitle></citerefentry> had been called, with a <parameter>renderbuffer</parameter>
            of zero for each attachment point to which this image was attached in the currently bound framebuffer. In other words,
            this renderbuffer object is first detached from all attachment ponits in the currently bound framebuffer. Note that the renderbuffer
            image is specifically <emphasis>not</emphasis> detached from any non-bound framebuffers.
        </para>
    </refsect1>
    <refsect1 id="errors"><title>Errors</title>
        <para>
            <constant>GL_INVALID_VALUE</constant> is generated if <parameter>n</parameter> is negative.
        </para>
    </refsect1>
    <refsect1 id="seealso"><title>See Also</title>
        <para>
            <citerefentry><refentrytitle>glGenRenderbuffers</refentrytitle></citerefentry>,
            <citerefentry><refentrytitle>glFramebufferRenderbuffer</refentrytitle></citerefentry>,
            <citerefentry><refentrytitle>glRenderbufferStorage</refentrytitle></citerefentry>,
            <citerefentry><refentrytitle>glRenderbufferStorageMultisample</refentrytitle></citerefentry>
        </para>
    </refsect1>
    <refsect1 id="Copyright"><title>Copyright</title>
        <para>
            Copyright <trademark class="copyright"></trademark> 2010-2013 Khronos Group.
            This material may be distributed subject to the terms and conditions set forth in
            the Open Publication License, v 1.0, 8 June 1999.
            <ulink url="http://opencontent.org/openpub/">http://opencontent.org/openpub/</ulink>.
        </para>
    </refsect1>
</refentry>
