<?xml version="1.0" encoding="UTF-8"?>
<!DOCTYPE book PUBLIC "-//OASIS//DTD DocBook MathML Module V1.1b1//EN"
              "http://www.oasis-open.org/docbook/xml/mathml/1.1CR1/dbmathml.dtd">
<refentry id="glGetMinmaxParameter">
    <refmeta>
        <refmetainfo>
            <copyright>
                <year>1991-2006</year>
                <holder>Silicon Graphics, Inc.</holder>
            </copyright>
        </refmetainfo>
        <refentrytitle>glGetMinmaxParameter</refentrytitle>
        <manvolnum>3G</manvolnum>
    </refmeta>
    <refnamediv>
        <refname>glGetMinmaxParameter</refname>
        <refpurpose>get minmax parameters</refpurpose>
    </refnamediv>
    <refsynopsisdiv><title>C Specification</title>
        <funcsynopsis>
            <funcprototype>
                <funcdef>void <function>glGetMinmaxParameterfv</function></funcdef>
                <paramdef>GLenum <parameter>target</parameter></paramdef>
                <paramdef>GLenum <parameter>pname</parameter></paramdef>
                <paramdef>GLfloat * <parameter>params</parameter></paramdef>
            </funcprototype>
        </funcsynopsis>
        <funcsynopsis>
            <funcprototype>
                <funcdef>void <function>glGetMinmaxParameteriv</function></funcdef>
                <paramdef>GLenum <parameter>target</parameter></paramdef>
                <paramdef>GLenum <parameter>pname</parameter></paramdef>
                <paramdef>GLint * <parameter>params</parameter></paramdef>
            </funcprototype>
        </funcsynopsis>
    </refsynopsisdiv>
    <refsect1 id="parameters"><title>Parameters</title>
        <variablelist>
        <varlistentry>
            <term><parameter>target</parameter></term>
            <listitem>
                <para>
                    Must be
                    <constant>GL_MINMAX</constant>.
                </para>
            </listitem>
        </varlistentry>
        <varlistentry>
            <term><parameter>pname</parameter></term>
            <listitem>
                <para>
                    The parameter to be retrieved.
                    Must be one of
                    <constant>GL_MINMAX_FORMAT</constant> or
                    <constant>GL_MINMAX_SINK</constant>.
                </para>
            </listitem>
        </varlistentry>
        <varlistentry>
            <term><parameter>params</parameter></term>
            <listitem>
                <para>
                    A pointer to storage for the retrieved parameters.
                </para>
            </listitem>
        </varlistentry>
        </variablelist>
    </refsect1>
    <refsect1 id="description"><title>Description</title>
        <para>
            <function>glGetMinmaxParameter</function> retrieves parameters for the current minmax table by setting
            <parameter>pname</parameter> to one of the following values:
        </para>
        <para>
        </para>
        <informaltable frame="topbot">
            <tgroup cols="2" align="left">
                <colspec/>
                <colspec/>
                <thead>
                    <row>
                        <entry rowsep="1" align="left"><emphasis role="bold">
                        Parameter
                        </emphasis></entry>
                        <entry rowsep="1" align="left"><emphasis role="bold">
                        Description
                        </emphasis></entry>
                    </row>
                </thead>
                <tbody>
                    <row>
                        <entry align="left">
                        <constant>GL_MINMAX_FORMAT</constant>
                        </entry>
                        <entry align="left">
                        Internal format of minmax table
                        </entry>
                    </row>
                    <row>
                        <entry align="left">
                        <constant>GL_MINMAX_SINK</constant>
                        </entry>
                        <entry align="left">
                        Value of the <emphasis>sink</emphasis> parameter
                        </entry>
                    </row>
                </tbody>
            </tgroup>
        </informaltable>
        <para>
        </para>
    </refsect1>
    <refsect1 id="notes"><title>Notes</title>
        <para>
            <function>glGetMinmaxParameter</function> is present only if <code>ARB_imaging</code> is returned when <citerefentry><refentrytitle>glGetString</refentrytitle></citerefentry>
            is called with an argument of <constant>GL_EXTENSIONS</constant>.
        </para>
    </refsect1>
    <refsect1 id="errors"><title>Errors</title>
        <para>
            <constant>GL_INVALID_ENUM</constant> is generated if <parameter>target</parameter> is not <constant>GL_MINMAX</constant>.
        </para>
        <para>
            <constant>GL_INVALID_ENUM</constant> is generated if <parameter>pname</parameter> is not one of the allowable
            values.
        </para>
        <para>
            <constant>GL_INVALID_OPERATION</constant> is generated if <function>glGetMinmaxParameter</function> is executed
            between the execution of <citerefentry><refentrytitle>glBegin</refentrytitle></citerefentry> and the corresponding
            execution of <citerefentry><refentrytitle>glEnd</refentrytitle></citerefentry>.
        </para>
    </refsect1>
    <refsect1 id="seealso"><title>See Also</title>
        <para>
            <citerefentry><refentrytitle>glMinmax</refentrytitle></citerefentry>,
            <citerefentry><refentrytitle>glGetMinmax</refentrytitle></citerefentry>
        </para>
    </refsect1>
    <refsect1 id="Copyright"><title>Copyright</title>
        <para>
            Copyright <trademark class="copyright"></trademark> 1991-2006
            Silicon Graphics, Inc. This document is licensed under the SGI
            Free Software B License. For details, see
            <ulink url="http://oss.sgi.com/projects/FreeB/">http://oss.sgi.com/projects/FreeB/</ulink>.
        </para>
    </refsect1>
</refentry>
