<?xml version="1.0" encoding="UTF-8"?>
<!DOCTYPE book PUBLIC "-//OASIS//DTD DocBook MathML Module V1.1b1//EN"
              "http://www.oasis-open.org/docbook/xml/mathml/1.1CR1/dbmathml.dtd">
<refentry id="glInvalidateFramebuffer">
    <refentryinfo>
        <copyright>
            <year>2013</year>
            <holder>Khronos Group</holder>
        </copyright>
    </refentryinfo>
    <refmeta>
        <refentrytitle>glInvalidateFramebuffer</refentrytitle>
        <manvolnum>3G</manvolnum>
    </refmeta>
    <refnamediv>
        <refname>glInvalidateFramebuffer</refname>
        <refpurpose>invalidate the content some or all of a framebuffer object's attachments</refpurpose>
    </refnamediv>
    <refsynopsisdiv><title>C Specification</title>
        <funcsynopsis>
            <funcprototype>
                <funcdef>void <function>glInvalidateFramebuffer</function></funcdef>
                <paramdef>GLenum <parameter>target</parameter></paramdef>
                <paramdef>GLsizei <parameter>numAttachments</parameter></paramdef>
                <paramdef>const GLenum * <parameter>attachments</parameter></paramdef>
            </funcprototype>
        </funcsynopsis>
    </refsynopsisdiv>
    <refsect1 id="parameters"><title>Parameters</title>
        <variablelist>
        <varlistentry>
            <term><parameter>target</parameter></term>
            <listitem>
                <para>
                    The target to which the framebuffer is attached. <parameter>target</parameter> must be
                    <constant>GL_FRAMEBUFFER</constant>, <constant>GL_DRAW_FRAMEBUFFER</constant>, or <constant>GL_READ_FRAMEBUFFER</constant>.
                </para>
            </listitem>
        </varlistentry>
        <varlistentry>
            <term><parameter>numAttachments</parameter></term>
            <listitem>
                <para>
                    The number of entries in the <parameter>attachments</parameter> array.
                </para>
            </listitem>
        </varlistentry>
        <varlistentry>
            <term><parameter>attachments</parameter></term>
            <listitem>
                <para>
                    The address of an array identifying the attachments to be invalidated.
                </para>
            </listitem>
        </varlistentry>
        </variablelist>
    </refsect1>
    <refsect1 id="description"><title>Description</title>
        <para>
            <function>glInvalidateFramebuffer</function> invalidates the content
            of a specified set of attachments of a framebuffer. The framebuffer
            whose content to invalidate is indicated by setting <parameter>target</parameter>
            to the target to which it is bound. <parameter>target</parameter> may be
            <constant>GL_FRAMEBUFFER</constant>, <constant>GL_READ_FRAMEBUFFER</constant> or
            <constant>GL_DRAW_FRAMEBUFFER</constant>. <constant>GL_FRAMEBUFFER</constant>
            is treated as if it were <constant>GL_DRAW_FRAMEBUFFER</constant>.
        </para>
        <para>
            The set of attachments whose content to invalidate are specified in an array whose address is given
            by <parameter>attachments</parameter> and which contains <parameter>numAttachments</parameter>
            elements. The elements of <parameter>attachments</parameter> must be
            <constant>GL_DEPTH_ATTACHMENT</constant>, <constant>GL_STENCIL_ATTACHMENT</constant>
            <constant>GL_DEPTH_STENCIL_ATTACHMENT</constant>, or <constant>GL_COLOR_ATTACHMENT</constant><emphasis>i</emphasis>,
            where <emphasis>i</emphasis> is between zero and the value of <constant>GL_MAX_FRAMEBUFFER_ATTACHMENTS</constant> minus one.
            Furthermore, if the default framebuffer is bound to <parameter>target</parameter>, then
            <parameter>attachments</parameter> may contain <constant>GL_FRONT_LEFT</constant>,
            <constant>GL_FRONT_RIGHT</constant>, <constant>GL_BACK_LEFT</constant>, <constant>GL_BACK_RIGHT</constant>,
            <constant>GL_AUX</constant><emphasis>i</emphasis>, <constant>GL_ACCUM</constant>,
            <constant>GL_COLOR</constant>, <constant>GL_DEPTH</constant>, or <constant>GL_STENCIL</constant>, identifying that specific buffer.
            <constant>GL_COLOR</constant>, is treated as <constant>GL_BACK_LEFT</constant> for a double-buffered context and
            <constant>GL_FRONT_LEFT</constant> for a single-buffered context.
            After <function>glInvalidateFramebuffer</function> is executed, the contents
            of the specified attachments become undefined.
        </para>
    </refsect1>
    <refsect1 id="errors"><title>Errors</title>
        <para>
            <constant>GL_INVALID_ENUM</constant> is generated if <parameter>target</parameter> is not one of the
            accepted framebuffer target tokens.
        </para>
        <para>
            <constant>GL_INVALID_ENUM</constant> is generated if any element of <parameter>attachments</parameter> is
            not one of the accepted framebuffer attachment tokens.
        </para>
        <para>
            <constant>GL_INVALID_OPERATION</constant> is generated if element of <parameter>attachments</parameter> is
            <constant>GL_COLOR_ATTACHMENT</constant><emphasis>i</emphasis> where <emphasis>i</emphasis> is greater than or equal
            to the value of <constant>GL_MAX_COLOR_ATTACHMENTS</constant>.
        </para>
    </refsect1>
    <refsect1 id="associatedgets"><title>Associated Gets</title>
        <para>
            <citerefentry><refentrytitle>glGet</refentrytitle></citerefentry> with argument <constant>GL_MAX_COLOR_ATTACHMENTS</constant>
        </para>
    </refsect1>
    <refsect1 id="seealso"><title>See Also</title>
        <para>
            <citerefentry><refentrytitle>glInvalidateTexSubImage</refentrytitle></citerefentry>,
            <citerefentry><refentrytitle>glInvalidateTexImage</refentrytitle></citerefentry>,
            <citerefentry><refentrytitle>glInvalidateBufferSubData</refentrytitle></citerefentry>,
            <citerefentry><refentrytitle>glInvalidateBufferData</refentrytitle></citerefentry>,
            <citerefentry><refentrytitle>glInvalidateSubFramebuffer</refentrytitle></citerefentry>.
        </para>
    </refsect1>
    <refsect1 id="Copyright"><title>Copyright</title>
        <para>
            Copyright <trademark class="copyright"></trademark> 2013 Khronos Group. 
            This material may be distributed subject to the terms and conditions set forth in 
            the Open Publication License, v 1.0, 8 June 1999.
            <ulink url="http://opencontent.org/openpub/">http://opencontent.org/openpub/</ulink>.
        </para>
    </refsect1>
</refentry>
