<?xml version="1.0" encoding="UTF-8"?>
<!DOCTYPE book PUBLIC "-//OASIS//DTD DocBook MathML Module V1.1b1//EN"
              "http://www.oasis-open.org/docbook/xml/mathml/1.1CR1/dbmathml.dtd">
<refentry id="glIsProgramPipeline">
    <refentryinfo>
        <copyright>
            <year>2010-2013</year>
            <holder>Khronos Group</holder>
        </copyright>
    </refentryinfo>
    <refmeta>
        <refentrytitle>glIsProgramPipeline</refentrytitle>
        <manvolnum>3G</manvolnum>
    </refmeta>
    <refnamediv>
        <refname>glIsProgramPipeline</refname>
        <refpurpose>determine if a name corresponds to a program pipeline object</refpurpose>
    </refnamediv>
    <refsynopsisdiv><title>C Specification</title>
        <funcsynopsis>
            <funcprototype>
                <funcdef>GLboolean <function>glIsProgramPipeline</function></funcdef>
                <paramdef>GLuint <parameter>pipeline</parameter></paramdef>
            </funcprototype>
        </funcsynopsis>
    </refsynopsisdiv>
    <refsect1 id="parameters"><title>Parameters</title>
        <variablelist>
        <varlistentry>
            <term><parameter>pipeline</parameter></term>
            <listitem>
                <para>
                    Specifies a value that may be the name of a program pipeline object.
                </para>
            </listitem>
        </varlistentry>
        </variablelist>
    </refsect1>
    <refsect1 id="description"><title>Description</title>
        <para>
            <function>glIsProgramPipeline</function> returns <constant>GL_TRUE</constant> if
            <parameter>pipeline</parameter> is currently the name of a program pipeline object.
            If <parameter>pipeline</parameter> is zero, or if <constant>pipeline</constant> is not the
            name of a program pipeline object, or if an error occurs, <function>glIsProgramPipeline</function>
            returns <constant>GL_FALSE</constant>. If <parameter>pipeline</parameter> is a name returned by
            <citerefentry><refentrytitle>glGenProgramPipelines</refentrytitle></citerefentry>, but that
            has not yet been bound through a call to <citerefentry><refentrytitle>glBindProgramPipeline</refentrytitle></citerefentry>,
            then the name is not a program pipeline object and <function>glIsProgramPipeline</function>
            returns <constant>GL_FALSE</constant>.
        </para>
    </refsect1>
    <refsect1 id="seealso"><title>See Also</title>
        <para>
            <citerefentry><refentrytitle>glGenProgramPipelines</refentrytitle></citerefentry>,
            <citerefentry><refentrytitle>glBindProgramPipeline</refentrytitle></citerefentry>,
            <citerefentry><refentrytitle>glDeleteProgramPipeline</refentrytitle></citerefentry>
        </para>
    </refsect1>
    <refsect1 id="Copyright"><title>Copyright</title>
        <para>
            Copyright <trademark class="copyright"></trademark> 2010-2013 Khronos Group.
            This material may be distributed subject to the terms and conditions set forth in
            the Open Publication License, v 1.0, 8 June 1999.
            <ulink url="http://opencontent.org/openpub/">http://opencontent.org/openpub/</ulink>.
        </para>
    </refsect1>
</refentry>
