<?xml version="1.0" encoding="UTF-8"?>
<!DOCTYPE book PUBLIC "-//OASIS//DTD DocBook MathML Module V1.1b1//EN"
              "http://www.oasis-open.org/docbook/xml/mathml/1.1CR1/dbmathml.dtd">
<refentry id="gluNewNurbsRenderer">
    <refmeta>
        <refmetainfo>
            <copyright>
                <year>1991-2006</year>
                <holder>Silicon Graphics, Inc.</holder>
            </copyright>
        </refmetainfo>
        <refentrytitle>gluNewNurbsRenderer</refentrytitle>
        <manvolnum>3G</manvolnum>
    </refmeta>
    <refnamediv>
        <refname>gluNewNurbsRenderer</refname>
        <refpurpose>create a NURBS object</refpurpose>
    </refnamediv>
    <refsynopsisdiv><title>C Specification</title>
        <funcsynopsis>
            <funcprototype>
                <funcdef>GLUnurbs* <function>gluNewNurbsRenderer</function></funcdef>
            </funcprototype>
        </funcsynopsis>
    </refsynopsisdiv>
    <!-- eqn: ignoring delim $$ -->
    <refsect1 id="description"><title>Description</title>
        <para>
            <function>gluNewNurbsRenderer</function> creates and returns a pointer to
            a new NURBS object.
            This object must be referred to when calling
            NURBS rendering and control functions. A return value of
            0 means that there is not enough memory to allocate the object.
        </para>
    </refsect1>
    <refsect1 id="seealso"><title>See Also</title>
        <para>
            <citerefentry><refentrytitle>gluBeginCurve</refentrytitle></citerefentry>,
            <citerefentry><refentrytitle>gluBeginSurface</refentrytitle></citerefentry>,
            <citerefentry><refentrytitle>gluBeginTrim</refentrytitle></citerefentry>,
            <citerefentry><refentrytitle>gluDeleteNurbsRenderer</refentrytitle></citerefentry>,
            <citerefentry><refentrytitle>gluNurbsCallback</refentrytitle></citerefentry>,
            <citerefentry><refentrytitle>gluNurbsProperty</refentrytitle></citerefentry>
        </para>
    </refsect1>
    <refsect1 id="Copyright"><title>Copyright</title>
        <para>
            Copyright <trademark class="copyright"></trademark> 1991-2006
            Silicon Graphics, Inc. This document is licensed under the SGI
            Free Software B License. For details, see
            <ulink url="http://oss.sgi.com/projects/FreeB/">http://oss.sgi.com/projects/FreeB/</ulink>.
        </para>
    </refsect1>
</refentry>
