<?xml version="1.0" encoding="UTF-8"?>
<!DOCTYPE book PUBLIC "-//OASIS//DTD DocBook MathML Module V1.1b1//EN"
              "http://www.oasis-open.org/docbook/xml/mathml/1.1CR1/dbmathml.dtd">
<refentry id="glVertexAttribBinding">
    <refentryinfo>
        <copyright>
            <year>2013</year>
            <holder>Khronos Group</holder>
        </copyright>
    </refentryinfo>
    <refmeta>
        <refentrytitle>glVertexAttribBinding</refentrytitle>
        <manvolnum>3G</manvolnum>
    </refmeta>
    <refnamediv>
        <refname>glVertexAttribBinding</refname>
        <refpurpose>associate a vertex attribute and a vertex buffer binding</refpurpose>
    </refnamediv>
    <refsynopsisdiv><title>C Specification</title>
        <funcsynopsis>
            <funcprototype>
                <funcdef>void <function>glVertexAttribBinding</function></funcdef>
                <paramdef>GLuint <parameter>attribindex</parameter></paramdef>
                <paramdef>GLuint <parameter>bindingindex</parameter></paramdef>
            </funcprototype>
        </funcsynopsis>
    </refsynopsisdiv>
    <refsect1 id="parameters"><title>Parameters</title>
        <variablelist>
        <varlistentry>
            <term><parameter>attribindex</parameter></term>
            <listitem>
                <para>
                    The index of the attribute to associate with a vertex buffer binding.
                </para>
            </listitem>
        </varlistentry>
        <varlistentry>
            <term><parameter>bindingindex</parameter></term>
            <listitem>
                <para>
                    The index of the vertex buffer binding with which to associate the generic vertex attribute.
                </para>
            </listitem>
        </varlistentry>
        </variablelist>
    </refsect1>
    <refsect1 id="description"><title>Description</title>
        <para>
            <function>glVertexAttribBinding</function>, establishes an association between the generic vertex
            attribute whose index is given by <parameter>attribindex</parameter> and a vertex buffer binding
            whose index is given by <parameter>bindingindex</parameter>. <parameter>attribindex</parameter>
            must be less than the value of <constant>GL_MAX_VERTEX_ATTRIBS</constant> and <parameter>bindingindex</parameter>
            must be less than the value of <constant>GL_MAX_VERTEX_ATTRIB_BINDINGS</constant>.
        </para>
    </refsect1>
    <refsect1 id="errors"><title>Errors</title>
        <para>
            <constant>GL_INVALID_VALUE</constant> is generated if <parameter>attribindex</parameter> is greater than
            or equal to the value of <constant>GL_MAX_VERTEX_ATTRIBS</constant>.
        </para>
        <para>
            <constant>GL_INVAILD_VALUE</constant> is generated if <parameter>bindingindex</parameter> is greater than
            or equal to the value of <constant>GL_MAX_VERTEX_ATTRIB_BINDINGS</constant>.
        </para>
        <para>
            <constant>GL_INVALID_OPERATION</constant> is generated if no vertex array object is bound.
        </para>
    </refsect1>
    <refsect1 id="associatedgets"><title>Associated Gets</title>
        <para>
            <citerefentry><refentrytitle>glGet</refentrytitle></citerefentry> with arguments <constant>GL_MAX_VERTEX_ATTRIB_BINDINGS</constant>,
            <constant>GL_VERTEX_BINDING_DIVISOR</constant>.
        </para>
    </refsect1>
    <refsect1 id="seealso"><title>See Also</title>
        <para>
            <citerefentry><refentrytitle>glBindVertexBuffer</refentrytitle></citerefentry>,
            <citerefentry><refentrytitle>glVertexAttribFormat</refentrytitle></citerefentry>,
            <citerefentry><refentrytitle>glVertexBindingDivisor</refentrytitle></citerefentry>,
            <citerefentry><refentrytitle>glVertexAttribPointer</refentrytitle></citerefentry>.
        </para>
    </refsect1>
    <refsect1 id="Copyright"><title>Copyright</title>
        <para>
            Copyright <trademark class="copyright"></trademark> 2013 Khronos Group. 
            This material may be distributed subject to the terms and conditions set forth in 
            the Open Publication License, v 1.0, 8 June 1999.
            <ulink url="http://opencontent.org/openpub/">http://opencontent.org/openpub/</ulink>.
        </para>
    </refsect1>
</refentry>
